process_step,completion_time_minutes
start,0.463573011031699
step_1,0.6076729635062719
step_2,1.04041974852071
step_3,0.9827319587628867
confirm,1.084547794940676
