process_step,completion_time_minutes
start,0.5589096321560532
step_1,0.6473444540312531
step_2,1.2155372800841173
step_3,1.2883988435750753
confirm,0.6012970711297071
