process_step,completion_time_minutes
start,0.6074878683275802
step_1,0.7547443664734341
step_2,1.266677301135434
step_3,1.1112561159548247
confirm,1.2676474149412762
