process_step,completion_time_minutes
start,0.48399038642435194
step_1,0.5263375141017984
step_2,1.0848052085219386
step_3,1.1189993036904406
confirm,0.6778730703259005
