process_step,completed_visits,started_visits,completion_rate
confirm,18682,26670,70.04874390701163
step_1,24259,26670,90.95988001499813
step_2,22252,26670,83.43457067866517
step_3,20876,26670,78.27521559805024
