process_step,completed_visits,started_visits,completion_rate
confirm,15428,23391,65.95699200547219
step_1,20146,23391,86.1271429182164
step_2,18644,23391,79.70586977897482
step_3,17416,23391,74.45598734556026
