process_step,completed_visits,started_visits,completion_rate
confirm,16039,30903,51.901109924602785
step_1,23541,30903,76.17707018736046
step_2,20131,30903,65.14254279519788
step_3,18293,30903,59.194900171504386
